Base,secondary_structure,Bits_per_position,Mapped9mer_score
C,ss,0.061,0.020673007
A,ss,0.122,0.016323415
A,ss,0.072,0.02616567
C,ss,0.098,0.015678506
G,ss,0.021,0.023481218
C,P1,0.105,0.018520615
U,P1,0.353,0.015874813
U,P1,0.813,0.013890461
C,P1,0.885,0.014992277
A,P1,0.668,0.012695276
U,P1,1.649,0.011373489
A,P1,1.235,0.006279025
U,J12,1.649,0.003528597
A,J12,1.798,-0.002246141
A,J12,0.622,-0.001867889
U,P2,0.114,-0.00237673
C,P2,0.183,0.000919927
C,P2,0.12,-0.001725273
U,P2,0.214,-0.001725273
A,P2,0.256,-0.00205354
A,P2,0.335,-0.001781582
U,P2,0.161,0.003072675
G,L2,0.568,0.012517411
A,L2,1.245,0.012837203
U,L2,1.505,0.023310719
A,L2,1.598,0.02599387
U,L2,0.361,0.028533511
G,L2,1.709,0.028795022
G,L2,1.709,0.032839715
U,P2,0.124,0.035886679
U,P2,0.282,0.049692175
U,P2,0.167,0.056444577
G,P2,0.436,0.065447949
G,P2,0.042,0.074163322
G,P2,0.262,0.068183513
A,P2,0.18,0.070898002
G,J23,1.709,0.07418939
U,J23,1.649,0.070464328
U,J23,0.425,0.067145405
U,J23,1.649,0.05322906
C,J23,1.643,0.041411176
U,J23,1.649,0.036453381
A,J23,1.798,0.01963328
C,J23,1.643,0.020666807
C,P3,1.009,0.015438088
A,P3,0.068,0.026896309
A,P3,0.317,0.034205173
G,P3,0.458,0.039918646
A,P3,0.12,0.050729828
G,P3,0.271,0.051351184
C,L3,1.643,0.054591764
C,L3,1.643,0.052731817
U,L3,0.558,0.051698291
U,L3,0.481,0.051672879
A,L3,0.722,0.036661759
A,L3,1.798,0.029352895
A,L3,1.546,0.03598663
C,P3,0.347,0.034979354
U,P3,0.131,0.029676585
C,P3,0.292,0.022390429
U,P3,0.237,0.022390429
U,P3,0.096,0.022390429
G,P3,1.039,0.022390429
A,J31,0.779,0.022390429
U,J31,1.169,0.022390429
U,P1,1.206,0.010043222
A,P1,1.798,NaN
U,P1,0.71,NaN
G,P1,0.977,NaN
A,P1,0.343,0.002702532
A,P1,0.559,0.005681664
G,P1/P4,0.167,0.007035792
U,P4,0.129,0.008148647
C,P4,0.116,0.007854726
U,P4,0.057,0.023252752
G,P4,0.053,0.023252752
U,P4,0.066,0.023252752
C,P4,0.041,0.023182238
G,P5,0.086,0.020479706
C,P5,0.116,0.019688146
U,P5,0.042,0.020759717
U,P5,0.027,0.022550387
U,P5,0.056,0.027589523
A,P5,0.039,-0.000158656
U,P5,0.027,-0.000211541
C,P5,0.046,-0.000317312
C,P5,0.025,NaN